,ITEM_ID,ACTORS,DIRECTOR,GENRES,TITLE,RELEASE_YEAR,eventValue,CREATION_TIMESTAMP
0,920962,"Brad Pitt, Logan Lerman, Michael Peña, Shia LaBeouf, Jon Bernthal, Jim Parrack, Brad William Henke",David Ayer,"War, Drama, Action",Fury,2022,7.268,1640995200
1,920961,"Clint Eastwood, Marianne Koch, Gian Maria Volonté, Wolfgang Lukschy, Sieghardt Rupp, Joseph Egger, Antonio Prieto",Sergio Leone,Western,A Fistful of Dollars,2017,7.623,1483228800
2,920960,"Josh Brolin, Javier Bardem, Tommy Lee Jones, Kelly Macdonald, Woody Harrelson, Garret Dillahunt, Tess Harper","Joel Coen, Ethan Coen","Crime, Drama, Thriller",No Country for Old Men,2023,6.522,1672531200
3,920959,"Ben Cross, Ian Charleson, Cheryl Campbell, Alice Krige, Nigel Havers, Ian Holm, Nicholas Farrell",Hugh Hudson,"Drama, History",Chariots of Fire,2011,6.057,1293840000
4,920958,"Steve McQueen, James Garner, Richard Attenborough, James Donald, Charles Bronson, Donald Pleasence, James Coburn",John Sturges,"Adventure, Drama, History, Thriller, War",The Great Escape,2023,6.522,1672531200
5,920957,"Mickey Rourke, Evan Rachel Wood, Marisa Tomei, Mark Margolis, Todd Barry, Wass Stevens, Judah Friedlander",Darren Aronofsky,"Drama, Romance",The Wrestler,2017,6.852,1483228800
6,920956,"Alan Ladd, Jean Arthur, Van Heflin, Brandon De Wilde, Jack Palance, Ben Johnson, Edgar Buchanan",George Stevens,"Drama, Western",Shane,2006,6.918,1136073600
7,920955,"Clint Eastwood, Eli Wallach, Lee Van Cleef, Aldo Giuffrè, Luigi Pistilli, Rada Rassimov, Enzo Petito",Sergio Leone,Western,"The Good, the Bad and the Ugly",2014,7.676,1388534400
8,920954,"William Holden, Alec Guinness, Jack Hawkins, Sessue Hayakawa, James Donald, Geoffrey Horne, André Morell",David Lean,"Drama, History, War",The Bridge on the River Kwai,2017,7.599,1483228800
9,920953,"Marlon Brando, Robert Duvall, Martin Sheen, Frederic Forrest, Laurence Fishburne, Albert Hall, Sam Bottoms",Francis Ford Coppola,"Drama, War",Apocalypse Now,2011,6.99,1293840000
10,920952,"Jürgen Prochnow, Herbert Grönemeyer, Klaus Wennemann, Hubertus Bengsch, Martin Semmelrogge, Bernd Tauber, Erwin Leder",Wolfgang Petersen,"Drama, History, War",Das Boot,2011,6.767,1293840000
11,920951,"Kurt Russell, Val Kilmer, Sam Elliott, Bill Paxton, Powers Boothe, Michael Biehn, Charlton Heston",George P. Cosmatos,"Western, Action",Tombstone,2013,6.547,1356998400
12,920950,"Matthew Modine, Adam Baldwin, Vincent D'Onofrio, R. Lee Ermey, Dorian Harewood, Arliss Howard, Kevyn Major Howard",Stanley Kubrick,"Drama, War",Full Metal Jacket,2022,6.591,1640995200
13,920949,"Andrew Garfield, Sam Worthington, Vince Vaughn, Teresa Palmer, Luke Bracey, Hugo Weaving, Ryan Corr",Mel Gibson,"Drama, History, War",Hacksaw Ridge,2016,7.44,1451606400
14,920948,"Sean Penn, Jim Caviezel, Adrien Brody, Ben Chaplin, Elias Koteas, John Cusack, Woody Harrelson",Terrence Malick,"Drama, History, War",The Thin Red Line,2013,6.9,1356998400
15,920947,"Josh Hartnett, Ewan McGregor, Eric Bana, Jason Isaacs, William Fichtner, Tom Sizemore, Ewen Bremner",Ridley Scott,"Action, History, War",Black Hawk Down,2022,7.282,1640995200
16,920946,"Yul Brynner, Eli Wallach, Steve McQueen, Charles Bronson, Robert Vaughn, Brad Dexter, James Coburn",John Sturges,"Western, Action, Adventure",The Magnificent Seven,2008,7.6,1199145600
17,920945,"John Wayne, Jeffrey Hunter, Vera Miles, Natalie Wood, Ward Bond, John Qualen, Olive Carey",John Ford,Western,The Searchers,2010,6.8,1262304000
18,920944,"George MacKay, Dean-Charles Chapman, Mark Strong, Andrew Scott, Richard Madden, Claire Duburcq, Colin Firth",Sam Mendes,"War, Drama, History",1917,1990,4.531,631152000
19,920943,"Clint Eastwood, Gene Hackman, Morgan Freeman, Jaimz Woolvett, Richard Harris, Anna Levine Thomson, Frances Fisher",Clint Eastwood,Western,Unforgiven,2021,7.183,1609459200
20,920942,"Jamie Foxx, Christoph Waltz, Leonardo DiCaprio, Kerry Washington, Samuel L. Jackson, Walton Goggins, Dennis Christopher",Quentin Tarantino,"Drama, Western",Django Unchained,2001,7.721,978307200
21,920941,"Paul Newman, Robert Redford, Katharine Ross, Strother Martin, Henry Jones, Jeff Corey, George Furth",George Roy Hill,"Western, Drama, Crime",Butch Cassidy and the Sundance Kid,2010,8.4,1262304000
22,920940,"Fionn Whitehead, Tom Hardy, Mark Rylance, Kenneth Branagh, Cillian Murphy, Barry Keoghan, Harry Styles",Christopher Nolan,"War, Action, Drama",Dunkirk,2023,7.283,1672531200
23,920939,"Aksel Hennie, Agnes Kittelsen, Nicolai Cleve Broch, Christian Rubeck, Julia Bache-Wiig, Kyrre Haugen Sydness, Eirik Evjen","Joachim Rønning, Espen Sandberg","Drama, History, War, Action",Max Manus: Man of War,2007,6.284,1167609600
24,920938,"Tom Berenger, Willem Dafoe, Charlie Sheen, Forest Whitaker, Francesco Quinn, John C. McGinley, Richard Edson",Oliver Stone,"Drama, War, Action",Platoon,2010,6.338,1262304000
25,920937,"Hilary Swank, Clint Eastwood, Morgan Freeman, Jay Baruchel, Mike Colter, Lucia Rijker, Brían F. O'Byrne",Clint Eastwood,Drama,Million Dollar Baby,2006,6.4,1136073600
26,920936,"Robert De Niro, Joe Pesci, Cathy Moriarty, Frank Vincent, Nicholas Colasanto, Mario Gallo, Bernie Allen",Martin Scorsese,"Drama, History",Raging Bull,2015,7.232,1420070400
27,920935,"Chris Hemsworth, Daniel Brühl, Olivia Wilde, Alexandra Maria Lara, Pierfrancesco Favino, David Calder, Natalie Dormer",Ron Howard,"Drama, Action",Rush,2023,7.283,1672531200
28,920934,"Denzel Washington, Will Patton, Wood Harris, Ryan Hurst, Donald Faison, Craig Kirkwood, Ethan Suplee",Boaz Yakin,Drama,Remember the Titans,2008,7.845,1199145600
29,920933,"Keanu Reeves, Laurence Fishburne, Carrie-Anne Moss, Hugo Weaving, Jada Pinkett Smith, Gloria Foster, Harold Perrineau","Lilly Wachowski, Lana Wachowski","Adventure, Action, Thriller, Science Fiction",The Matrix Reloaded,2017,6.89,1483228800
30,920932,"Brad Pitt, Jonah Hill, Philip Seymour Hoffman, Robin Wright, Chris Pratt, Stephen Bishop, Reed Diamond",Bennett Miller,Drama,Moneyball,2015,7.407,1420070400
31,920931,"Hayden Christensen, Ewan McGregor, Natalie Portman, Ian McDiarmid, Samuel L. Jackson, Jimmy Smits, Frank Oz",George Lucas,"Adventure, Action, Science Fiction",Star Wars: Episode III - Revenge of the Sith,2023,6.5,1672531200
32,920930,"Gene Hackman, Barbara Hershey, Dennis Hopper, Sheb Wooley, Fern Persons, Chelcie Ross, Robert Swan",David Anspaugh,"Drama, Family",Hoosiers,2013,7.708,1356998400
33,920929,"Sandra Bullock, Tim McGraw, Quinton Aaron, Jae Head, Lily Collins, Ray McKinnon, Kim Dickens",John Lee Hancock,Drama,The Blind Side,2014,8.399,1388534400
34,920928,"Patrick Swayze, Demi Moore, Whoopi Goldberg, Tony Goldwyn, Vincent Schiavelli, Rick Aviles, Martina Deignan",Jerry Zucker,"Fantasy, Drama, Thriller, Mystery, Romance",Ghost,1994,8.702,757382400
35,920927,"Jennifer Grey, Patrick Swayze, Jerry Orbach, Cynthia Rhodes, Jack Weston, Jane Brucker, Kelly Bishop",Emile Ardolino,"Drama, Music, Romance",Dirty Dancing,2022,7.573,1640995200
36,920926,"Amanda Seyfried, Lily James, Andy García, Celia Imrie, Alexa Davies, Jessica Keenan Wynn, Dominic Cooper",Ol Parker,"Comedy, Romance",Mamma Mia! Here We Go Again,2001,6.942,978307200
37,920925,"Humphrey Bogart, Ingrid Bergman, Paul Henreid, Claude Rains, Conrad Veidt, Sydney Greenstreet, Peter Lorre",Michael Curtiz,"Drama, Romance",Casablanca,2004,7.231,1072915200
38,920924,"Leonardo DiCaprio, Kate Winslet, Billy Zane, Kathy Bates, Frances Fisher, Gloria Stuart, Victor Garber",James Cameron,"Drama, Romance",Titanic,2012,7.334,1325376000
39,920923,"Harrison Ford, Mark Hamill, Carrie Fisher, Adam Driver, Daisy Ridley, John Boyega, Oscar Isaac",J.J. Abrams,"Adventure, Action, Science Fiction, Fantasy",Star Wars: The Force Awakens,2002,7.965,1009843200
40,920922,"Jaden Smith, Jackie Chan, Taraji P. Henson, Wenwen Han, Yu Rongguang, Tess Liu, Xu Ming",Harald Zwart,"Action, Adventure, Drama, Family",The Karate Kid,2015,5.662,1420070400
41,920921,"Emma Thompson, Kate Winslet, Alan Rickman, Hugh Grant, Gemma Jones, Greg Wise, Elizabeth Spriggs",Ang Lee,"Drama, Romance",Sense and Sensibility,2023,6.5,1672531200
42,920920,"Mark Hamill, Carrie Fisher, Adam Driver, Daisy Ridley, John Boyega, Oscar Isaac, Andy Serkis",Rian Johnson,"Adventure, Action, Science Fiction",Star Wars: The Last Jedi,2009,7.569,1230768000
43,920919,"Sylvester Stallone, Talia Shire, Burt Young, Carl Weathers, Burgess Meredith, Thayer David, Joe Spinell",John G. Avildsen,"Drama, Romance",Rocky,2022,7.721,1640995200
44,920918,"Keanu Reeves, Laurence Fishburne, Carrie-Anne Moss, Hugo Weaving, Jada Pinkett Smith, Mary Alice, Harold Perrineau","Lilly Wachowski, Lana Wachowski","Adventure, Action, Thriller, Science Fiction",The Matrix Revolutions,2022,8.298,1640995200
45,920917,"Hayden Christensen, Ewan McGregor, Natalie Portman, Christopher Lee, Samuel L. Jackson, Frank Oz, Ian McDiarmid",George Lucas,"Adventure, Action, Science Fiction",Star Wars: Episode II - Attack of the Clones,2023,6.87,1672531200
46,920916,"Billy Crystal, Meg Ryan, Carrie Fisher, Bruno Kirby, Steven Ford, Lisa Jane Persky, Michelle Nicastro",Rob Reiner,"Comedy, Romance, Drama",When Harry Met Sally...,2001,8.395,978307200
47,920915,"Alden Ehrenreich, Joonas Suotamo, Woody Harrelson, Emilia Clarke, Donald Glover, Thandiwe Newton, Phoebe Waller-Bridge",Ron Howard,"Science Fiction, Adventure, Action",Solo: A Star Wars Story,2002,8.377,1009843200
48,920914,"Felicity Jones, Diego Luna, Alan Tudyk, Donnie Yen, Jiang Wen, Ben Mendelsohn, Guy Henry",Gareth Edwards,"Action, Adventure, Science Fiction",Rogue One: A Star Wars Story,2023,10.0,1672531200
49,920913,"Keanu Reeves, Carrie-Anne Moss, Yahya Abdul-Mateen II, Jessica Henwick, Jonathan Groff, Neil Patrick Harris, Priyanka Chopra Jonas",Lana Wachowski,"Science Fiction, Action, Adventure",The Matrix Resurrections,2014,7.903,1388534400
0,920912,"Sean Astin, Jon Favreau, Ned Beatty, Lili Taylor, Charles S. Dutton, Vince Vaughn, Greta Lind",David Anspaugh,"Drama, History",Rudy,2022,7.268,1640995200
1,920911,"Keanu Reeves, Laurence Fishburne, Carrie-Anne Moss, Hugo Weaving, Joe Pantoliano, Marcus Chong, Anthony Ray Parker","Lilly Wachowski, Lana Wachowski","Action, Science Fiction",The Matrix,2017,7.623,1483228800
2,920910,"Liam Neeson, Ewan McGregor, Natalie Portman, Jake Lloyd, Ian McDiarmid, Pernilla August, Oliver Ford Davies",George Lucas,"Adventure, Action, Science Fiction",Star Wars: Episode I - The Phantom Menace,2023,6.522,1672531200
3,920909,"Guy Pearce, Carrie-Anne Moss, Joe Pantoliano, Mark Boone Junior, Russ Fega, Jorja Fox, Stephen Tobolowsky",Christopher Nolan,"Mystery, Thriller",Memento,2011,6.057,1293840000
4,920908,"Carrie Fisher, Mark Hamill, Daisy Ridley, Adam Driver, John Boyega, Oscar Isaac, Anthony Daniels",J.J. Abrams,"Adventure, Action, Science Fiction",Star Wars: The Rise of Skywalker,2023,6.522,1672531200
5,920907,"Hugh Jackman, Zac Efron, Michelle Williams, Rebecca Ferguson, Zendaya, Keala Settle, Yahya Abdul-Mateen II",Michael Gracey,Drama,The Greatest Showman,2017,6.852,1483228800
6,920906,"Greer Garson, Laurence Olivier, Mary Boland, Edna May Oliver, Maureen O'Sullivan, Ann Rutherford, Frieda Inescort",Robert Z. Leonard,"Drama, Romance",Pride and Prejudice,2006,6.918,1136073600
7,920905,"Tom Hanks, Audrey Tautou, Ian McKellen, Jean Reno, Paul Bettany, Alfred Molina, Jürgen Prochnow",Ron Howard,"Thriller, Mystery",The Da Vinci Code,2014,7.676,1388534400
8,920904,"Meryl Streep, Amanda Seyfried, Pierce Brosnan, Stellan Skarsgård, Colin Firth, Julie Walters, Christine Baranski",Phyllida Lloyd,"Comedy, Romance",Mamma Mia!,2017,7.599,1483228800
9,920903,"Michael Moore, George H.W. Bush, George W. Bush, Charlton Heston, Jacobo Árbenz, Mike Bradley, Dick Clark",Michael Moore,"Documentary, Drama",Bowling for Columbine,2011,6.99,1293840000
10,920902,"Jessica Biel, Jonathan Tucker, Andrew Bryniarski, Erica Leerhsen, Eric Balfour, Mike Vogel, R. Lee Ermey",Marcus Nispel,Horror,The Texas Chainsaw Massacre,2011,6.767,1293840000
11,920901,"Ryan Gosling, Emma Stone, John Legend, Rosemarie DeWitt, J.K. Simmons, Amiée Conn, Terry Walters",Damien Chazelle,"Comedy, Drama, Romance, Music",La La Land,2013,6.547,1356998400
12,920900,"F. Murray Abraham, Tom Hulce, Elizabeth Berridge, Roy Dotrice, Simon Callow, Christine Ebersole, Jeffrey Jones",Miloš Forman,"History, Music, Drama",Amadeus,2022,6.591,1640995200
13,920899,"Essie Davis, Noah Wiseman, Hayley McElhinney, Daniel Henshall, Barbara West, Ben Winspear, Cathy Adamek",Jennifer Kent,"Drama, Horror",The Babadook,2016,7.44,1451606400
14,920898,"Banksy, Shepard Fairey, Thierry Guetta, Rhys Ifans, INVADER, Debora Guetta, Monsieur André",Banksy,Documentary,Exit Through the Gift Shop,2013,6.9,1356998400
15,920897,"Joaquin Phoenix, Reese Witherspoon, Ginnifer Goodwin, Robert Patrick, Dallas Roberts, Dan John Miller, Larry Bagby",James Mangold,"Drama, Music, Romance",Walk the Line,2022,7.282,1640995200
16,920896,"Miles Teller, J.K. Simmons, Paul Reiser, Melissa Benoist, Austin Stowell, Chris Mulkey, Nate Lang",Damien Chazelle,"Drama, Music",Whiplash,2008,7.6,1199145600
17,920895,"Jean-Paul Belmondo, Michel Boujenah, Alessandra Martines, Salomé Lelouch, Annie Girardot, Philippe Léotard, Philippe Khorsand",Claude Lelouch,Drama,Les Miserables,2010,6.8,1262304000
18,920894,"Bradley Cooper, Lady Gaga, Sam Elliott, Andrew Dice Clay, Rafi Gavron, Anthony Ramos, Dave Chappelle",Bradley Cooper,"Music, Drama, Romance",A Star Is Born,1990,4.531,631152000
19,920893,"Ansel Elgort, Rachel Zegler, Ariana DeBose, David Alvarez, Mike Faist, Brian d'Arcy James, Corey Stoll",Steven Spielberg,"Drama, Romance, Crime",West Side Story,2021,7.183,1609459200
20,920892,"Jack Black, Joan Cusack, Mike White, Sarah Silverman, Lee Wilkof, Kate McGregor-Stewart, Adam Pascal",Richard Linklater,"Comedy, Music, Family",School of Rock,2001,7.721,978307200
21,920891,"John Cusack, Iben Hjejle, Todd Louiso, Jack Black, Lisa Bonet, Catherine Zeta-Jones, Joan Cusack",Stephen Frears,"Drama, Comedy, Romance, Music",High Fidelity,2010,8.4,1262304000
22,920890,"Donald Pleasence, Jamie Lee Curtis, P.J. Soles, Nancy Loomis, Charles Cyphers, Kyle Richards, Brian Andrews",John Carpenter,"Horror, Thriller",Halloween,2023,7.283,1672531200
23,920889,"Oscar Isaac, Carey Mulligan, John Goodman, Garrett Hedlund, Justin Timberlake, Adam Driver, F. Murray Abraham","Joel Coen, Ethan Coen","Drama, Music",Inside Llewyn Davis,2007,6.284,1167609600
24,920888,"Patrick Fugit, Billy Crudup, Frances McDormand, Kate Hudson, Jason Lee, Anna Paquin, Fairuza Balk",Cameron Crowe,"Drama, Music",Almost Famous,2010,6.338,1262304000
25,920886,"Robert Laenen, Aqeel Ash-Shakoor, Walker Fairbanks, Heather Fairbanks, Justin Mane, Adam DeFilippi, Andrew Fairgrieve",Lance Kawas,"Adventure, Action",Jumanji: Level One,2006,6.4,1136073600
26,920885,"Julie Andrews, Dick Van Dyke, David Tomlinson, Glynis Johns, Hermione Baddeley, Karen Dotrice, Matthew Garber",Robert Stevenson,"Comedy, Family, Fantasy",Mary Poppins,2015,7.232,1420070400
27,920884,"Colin Firth, Geoffrey Rush, Helena Bonham Carter, Guy Pearce, Timothy Spall, Michael Gambon, Jennifer Ehle",Tom Hooper,"Drama, History",The King's Speech,2023,7.283,1672531200
28,920883,"Macaulay Culkin, Joe Pesci, Daniel Stern, Catherine O'Hara, John Heard, Roberts Blossom, Devin Ratray",Chris Columbus,"Comedy, Family",Home Alone,2008,7.845,1199145600
29,920882,"Dwayne Johnson, Kevin Hart, Jack Black, Karen Gillan, Awkwafina, Nick Jonas, Alex Wolff",Jake Kasdan,"Adventure, Comedy, Fantasy",Jumanji: The Next Level,2017,6.89,1483228800
30,920881,"Tom Hanks, Bill Paxton, Kevin Bacon, Gary Sinise, Ed Harris, Kathleen Quinlan, Roger Corman",Ron Howard,"History, Drama, Adventure",Apollo 13,2015,7.407,1420070400
31,920880,"Chiwetel Ejiofor, Michael Fassbender, Lupita Nyong'o, Benedict Cumberbatch, Paul Dano, Sarah Paulson, Adepero Oduye",Steve McQueen,"Drama, History",12 Years a Slave,2023,6.5,1672531200
32,920879,"French Stewart, Erick Avari, Barbara Babcock, Jason Beghe, Clare Carey, Joanna Going, Missi Pyle",Rod Daniel,"Comedy, Family, TV Movie",Home Alone 4,2013,7.708,1356998400
33,920878,"Dwayne Johnson, Kevin Hart, Jack Black, Karen Gillan, Rhys Darby, Bobby Cannavale, Nick Jonas",Jake Kasdan,"Adventure, Action, Comedy, Fantasy",Jumanji: Welcome to the Jungle,2014,8.399,1388534400
34,920877,"Liam Neeson, Ben Kingsley, Ralph Fiennes, Caroline Goodall, Jonathan Sagall, Embeth Davidtz, Malgorzata Gebel",Steven Spielberg,"Drama, History, War",Schindler's List,1994,8.702,757382400
35,920876,"Judy Garland, Ray Bolger, Jack Haley, Bert Lahr, Margaret Hamilton, Frank Morgan, Clara Blandick",Victor Fleming,"Adventure, Fantasy, Family",The Wizard of Oz,2022,7.573,1640995200
36,920875,"Alex D. Linz, Olek Krupa, Rya Kihlstedt, Lenny Von Dohlen, David Thornton, Haviland Morris, Kevin Kilner",Raja Gosnell,"Comedy, Family",Home Alone 3,2001,6.942,978307200
37,920874,"Julie Andrews, Christopher Plummer, Eleanor Parker, Richard Haydn, Peggy Wood, Charmian Carr, Heather Menzies",Robert Wise,"Drama, Family, Music, Romance",The Sound of Music,2004,7.231,1072915200
38,920873,"Tom Hanks, Tom Sizemore, Edward Burns, Matt Damon, Barry Pepper, Adam Goldberg, Vin Diesel",Steven Spielberg,"Drama, History, War",Saving Private Ryan,2012,7.334,1325376000
39,920872,"Mel Gibson, Catherine McCormack, Sophie Marceau, Patrick McGoohan, Angus Macfadyen, Brendan Gleeson, James Robinson",Mel Gibson,"Action, Drama, History, War",Braveheart,2002,7.965,1009843200
40,920871,"Macaulay Culkin, Joe Pesci, Daniel Stern, Catherine O'Hara, John Heard, Devin Ratray, Hillary Wolf",Chris Columbus,"Comedy, Family, Adventure",Home Alone 2: Lost in New York,2015,5.662,1420070400
41,920870,"Robin Williams, Ethan Hawke, Robert Sean Leonard, Gale Hansen, Josh Charles, Dylan Kussman, Allelon Ruggiero",Peter Weir,Drama,Dead Poets Society,2023,6.5,1672531200
42,920869,"Jiro Ono, Masuhiro Yamamoto, Yoshikazu Ono, Daisuke Nakazama, Hachiro Mizutani, Harutaki Takahashi, Hiroki Fujita",David Gelb,Documentary,Jiro Dreams of Sushi,2009,7.569,1230768000
43,920868,"Charles Berling, Romane Bohringer, Jules Sitruk, Fiorello, Morgan Freeman",Luc Jacquet,"Documentary, Family",March of the Penguins,2022,7.721,1640995200
44,920867,"Tom Hanks, Robin Wright, Gary Sinise, Sally Field, Mykelti Williamson, Michael Conner Humphreys, Hanna Hall",Robert Zemeckis,"Comedy, Drama, Romance",Forrest Gump,2022,8.298,1640995200
45,920866,"Timothy Treadwell, Kathleen Parker, Warren Queeney, Willy Fulton, Sam Egli, Werner Herzog, David Letterman",Werner Herzog,Documentary,Grizzly Man,2023,6.87,1672531200
46,920865,"Anwar Congo, Herman Koto, Syamsul Arifin, Ibrahim Sinik, Yapto Soerjosoemarno, Safit Pardede, Jusuf Kalla","Joshua Oppenheimer, Christine Cynn",Documentary,The Act of Killing,2001,8.395,978307200
47,920864,"Edward Norton, Brad Pitt, Helena Bonham Carter, Meat Loaf, Jared Leto, Zach Grenier, Holt McCallany",David Fincher,"Drama, Thriller, Comedy",Fight Club,2002,8.377,1009843200
48,920863,"Al Gore, Billy West, Ronald Reagan, George W. Bush, George H.W. Bush",Davis Guggenheim,Documentary,An Inconvenient Truth,2023,10.0,1672531200
49,920862,"Philippe Petit, Jean François Heckel, Jean-Louis Blondeau, Annie Allix, David Forman, Alan Welner, Barry Greenhouse",James Marsh,Documentary,Man on Wire,2014,7.903,1388534400
0,920861,"Tom Hanks, David Morse, Bonnie Hunt, Michael Clarke Duncan, James Cromwell, Michael Jeter, Graham Greene",Frank Darabont,"Fantasy, Drama, Crime",The Green Mile,2022,7.268,1640995200
1,920860,"Henry Thomas, Drew Barrymore, Robert MacNaughton, Peter Coyote, Dee Wallace, Erika Eleniak, K.C. Martel",Steven Spielberg,"Science Fiction, Adventure, Family, Fantasy",E.T. the Extra-Terrestrial,2017,7.623,1483228800
2,920859,"Jelani Cobb, Angela Davis, Henry Louis Gates, Jr., Michelle Alexander, Cory Booker, Marie Gottschalk, Michael Hough",Ava DuVernay,Documentary,13th,2023,6.522,1672531200
3,920858,"Michael Moore, John Conyers, Abdul Henderson, Craig Unger, George W. Bush, Saddam Hussein, Osama Ben Laden",Michael Moore,Documentary,Fahrenheit 9/11,2011,6.057,1293840000
4,920857,"Dean Gomersall, Samantha Berg, John Jett, John Hargrove, Carol Ray, Jeffrey Ventre, Kim Ashdown",Gabriela Cowperthwaite,Documentary,Blackfish,2023,6.522,1672531200
5,920856,"Russell Crowe, Jennifer Connelly, Ed Harris, Paul Bettany, Christopher Plummer, Josh Lucas, Adam Goldberg",Ron Howard,"Drama, Romance",A Beautiful Mind,2017,6.852,1483228800
6,920855,"Morgan Spurlock, Daryl Isaacs, Lisa Ganjhu, Stephen Siegel, Bridget Bennett, Eric Rowley, Mark Fenton",Morgan Spurlock,Documentary,Super Size Me,2006,6.918,1136073600
7,920854,"Al Pacino, Robert Duvall, Diane Keaton, Robert De Niro, John Cazale, Talia Shire, Lee Strasberg",Francis Ford Coppola,"Drama, Crime",The Godfather Part II,2014,7.676,1388534400
8,920853,"Burt Reynolds, Karen Young, Peter MacNicol, Howard Hesseman, Neill Barry, Diana Scarwid, Joseph Mascolo",Dick Richards,"Action, Thriller",Heat,2017,7.599,1483228800
9,920852,"Al Pacino, Robert De Niro, Val Kilmer, Jon Voight, Tom Sizemore, Diane Venora, Amy Brenneman",Michael Mann,"Action, Crime, Drama, Thriller",Heat,2011,6.99,1293840000
10,920851,"Al Pacino, Diane Keaton, Talia Shire, Andy García, Eli Wallach, Joe Mantegna, George Hamilton",Francis Ford Coppola,"Crime, Drama, Thriller",The Godfather Part III,2011,6.767,1293840000
11,920850,"Ray Liotta, Robert De Niro, Joe Pesci, Lorraine Bracco, Paul Sorvino, Frank Sivero, Tony Darrow",Martin Scorsese,"Drama, Crime",GoodFellas,2013,6.547,1356998400
12,920849,"Russell Crowe, Denzel Washington, Chiwetel Ejiofor, Cuba Gooding Jr., Josh Brolin, Ted Levine, Armand Assante",Ridley Scott,"Drama, Crime",American Gangster,2022,6.591,1640995200
13,920848,"Josh Brolin, Javier Bardem, Tommy Lee Jones, Kelly Macdonald, Woody Harrelson, Garret Dillahunt, Tess Harper","Joel Coen, Ethan Coen","Crime, Drama, Thriller",No Country for Old Men,2016,7.44,1451606400
14,920847,"Jodie Foster, Anthony Hopkins, Scott Glenn, Ted Levine, Anthony Heald, Brooke Smith, Diane Baker",Jonathan Demme,"Crime, Drama, Thriller",The Silence of the Lambs,2013,6.9,1356998400
15,920846,"Marlon Brando, Al Pacino, James Caan, Robert Duvall, Richard S. Castellano, Diane Keaton, Talia Shire",Francis Ford Coppola,"Drama, Crime",The Godfather,2022,7.282,1640995200
16,920845,"Robert De Niro, Sharon Stone, Joe Pesci, Don Rickles, James Woods, Alan King, Kevin Pollak",Martin Scorsese,"Crime, Drama",Casino,2008,7.6,1199145600
17,920844,"John Travolta, Samuel L. Jackson, Uma Thurman, Bruce Willis, Ving Rhames, Harvey Keitel, Eric Stoltz",Quentin Tarantino,"Thriller, Crime",Pulp Fiction,2010,6.8,1262304000
18,920843,"Al Pacino, Steven Bauer, Michelle Pfeiffer, Mary Elizabeth Mastrantonio, Robert Loggia, Miriam Colon, F. Murray Abraham",Brian De Palma,"Action, Crime, Drama",Scarface,1990,4.531,631152000
19,920842,"Tim Robbins, Morgan Freeman, Bob Gunton, William Sadler, Clancy Brown, Gil Bellows, Mark Rolston",Frank Darabont,"Drama, Crime",The Shawshank Redemption,2021,7.183,1609459200
20,920841,"Malcolm McDowell, Patrick Magee, Michael Bates, Warren Clarke, John Clive, Adrienne Corri, Carl Duering",Stanley Kubrick,"Science Fiction, Drama",A Clockwork Orange,2001,7.721,978307200
21,920840,"Martin Lawrence, Brandon T. Jackson, Portia Doubleday, Mari Morrow, Faizon Love, Ana Ortiz, Emily Rios",John Whitesell,"Crime, Comedy, Action","Big Mommas: Like Father, Like Son",2010,8.4,1262304000
22,920839,"Johnny Knoxville, Steve-O, Bam Margera, Chris Pontius, Spike Jonze, Jeff Tremaine, Rake Yohn",Jeff Tremaine,"Comedy, Documentary",Jackass 2.5,2023,7.283,1672531200
23,920838,"Johnny Knoxville, Bam Margera, Steve-O, Chris Pontius, Ryan Dunn, Jason Acuña, Preston Lacy",Jeff Tremaine,"Action, Comedy, Documentary",Jackass Number Two,2007,6.284,1167609600
24,920837,"Johnny Knoxville, Steve-O, Chris Pontius, Dave England, Ehren McGhehey, Jason Acuña, Preston Lacy",Jeff Tremaine,"Comedy, Action, Documentary",Jackass 4.5,2010,6.338,1262304000
25,920836,"Sacha Baron Cohen, Ben Kingsley, Anna Faris, Jason Mantzoukas, Sayed Badreya, Adeel Akhtar, Aasif Mandvi",Larry Charles,Comedy,The Dictator,2006,6.4,1136073600
26,920835,"Bradley Cooper, Ed Helms, Zach Galifianakis, Justin Bartha, Ken Jeong, Paul Giamatti, Mike Tyson",Todd Phillips,Comedy,The Hangover Part II,2015,7.232,1420070400
27,920834,"Steve Carell, Catherine Keener, Paul Rudd, Romany Malco, Seth Rogen, Jane Lynch, Leslie Mann",Judd Apatow,"Comedy, Romance",The 40 Year Old Virgin,2023,7.283,1672531200
28,920833,"Johnny Knoxville, Bam Margera, Ryan Dunn, Steve-O, Chris Pontius, Jason Acuña, Preston Lacy",Jeff Tremaine,"Comedy, Documentary, Action",Jackass 3D,2008,7.845,1199145600
29,920832,"Bradley Cooper, Ed Helms, Zach Galifianakis, Justin Bartha, Heather Graham, Sasha Barrese, Jeffrey Tambor",Todd Phillips,Comedy,The Hangover,2017,6.89,1483228800
30,920831,"Johnny Knoxville, Bam Margera, Steve-O, Chris Pontius, Ryan Dunn, Jason Acuña, Preston Lacy",Jeff Tremaine,"Comedy, Documentary",Jackass: The Movie,2015,7.407,1420070400
31,920830,"Lloyd Bridges, Raymond Burr, Chuck Connors, Rip Torn, John Dehner, Chad Everett, Peter Graves",Ken Finkleman,Comedy,Airplane II: The Sequel,2023,6.5,1672531200
32,920829,"Patton Oswalt, Ian Holm, Lou Romano, Brian Dennehy, Peter Sohn, Peter O'Toole, Brad Garrett",Brad Bird,"Animation, Comedy, Family, Fantasy",Ratatouille,2013,7.708,1356998400
33,920828,"Johnny Knoxville, Jackson Nicoll, Georgina Cates, Catherine Keener, Spike Jonze, Kamber Hejlik, Grasie Mercedes",Jeff Tremaine,Comedy,Jackass Presents: Bad Grandpa,2014,8.399,1388534400
34,920827,"Kristen Wiig, Maya Rudolph, Rose Byrne, Wendi McLendon-Covey, Ellie Kemper, Melissa McCarthy, Chris O'Dowd",Paul Feig,"Comedy, Romance",Bridesmaids,1994,8.702,757382400
35,920826,"Will Ferrell, Christina Applegate, Paul Rudd, Steve Carell, David Koechner, Fred Willard, Chris Parnell",Adam McKay,Comedy,Anchorman: The Legend of Ron Burgundy,2022,7.573,1640995200
36,920825,"Robert Hays, Julie Hagerty, Leslie Nielsen, Kareem Abdul-Jabbar, Lloyd Bridges, Peter Graves, Lorna Patterson","Jerry Zucker, Jim Abrahams, David Zucker",Comedy,Airplane!,2001,6.942,978307200
37,920824,"Martin Lawrence, Nia Long, Paul Giamatti, Jascha Washington, Terrence Howard, Anthony Anderson, Carl Wright",Raja Gosnell,"Crime, Comedy",Big Momma's House,2004,7.231,1072915200
38,920823,"Bradley Cooper, Ed Helms, Zach Galifianakis, Justin Bartha, Ken Jeong, John Goodman, Mike Epps",Todd Phillips,Comedy,The Hangover Part III,2012,7.334,1325376000
39,920822,"Meaghan Jette Martin, Jennifer Stone, Maiara Walsh, Nicole Gale Anderson, Claire Holt, Tim Meadows, Linden Ashby",Melanie Mayron,Comedy,Mean Girls 2,2002,7.965,1009843200
40,920821,"Johnny Knoxville, Ryan Dunn, Dave England, Preston Lacy, Bam Margera, Ehren McGhehey, Steve-O",Jeff Tremaine,"Comedy, Documentary, Action",Jackass 3.5,2015,5.662,1420070400
41,920820,"Jonah Hill, Michael Cera, Christopher Mintz-Plasse, Bill Hader, Seth Rogen, Emma Stone, Martha MacIsaac",Greg Mottola,Comedy,Superbad,2023,6.5,1672531200
42,920819,"Sacha Baron Cohen, Ken Davitian, Luenell, Pamela Anderson, Bob Barr, Alan Keyes, Carole De Saram",Larry Charles,Comedy,Borat: Cultural Learnings of America for Make Benefit Glorious Nation of Kazakhstan,2009,7.569,1230768000
43,920818,"Lindsay Lohan, Rachel McAdams, Lacey Chabert, Amanda Seyfried, Lizzy Caplan, Daniel Franzese, Tina Fey",Mark Waters,Comedy,Mean Girls,2022,7.721,1640995200
44,920817,"Johnny Knoxville, Steve-O, Chris Pontius, Dave England, Jason Acuña, Ehren McGhehey, Preston Lacy",Jeff Tremaine,"Comedy, Documentary",Jackass Forever,2022,8.298,1640995200
45,920816,"Tom Hanks, Tim Allen, Annie Potts, Tony Hale, Keegan-Michael Key, Madeleine McGraw, Christina Hendricks",Josh Cooley,"Family, Adventure, Animation, Comedy, Fantasy",Toy Story 4,2023,6.87,1672531200
46,920815,"Albert Brooks, Ellen DeGeneres, Alexander Gould, Willem Dafoe, Brad Garrett, Allison Janney, Austin Pendleton",Andrew Stanton,"Animation, Family",Finding Nemo,2001,8.395,978307200
48,920813,"Amy Poehler, Phyllis Smith, Bill Hader, Kaitlyn Dias, Richard Kind, Lewis Black, Mindy Kaling",Pete Docter,"Animation, Family, Adventure, Drama, Comedy",Inside Out,2023,10.0,1672531200
49,920812,"Ed Asner, Christopher Plummer, Jordan Nagai, Bob Peterson, Delroy Lindo, Jerome Ranft, John Ratzenberger",Pete Docter,"Animation, Comedy, Family, Adventure",Up,2014,7.903,1388534400
0,920811,"Tom Hanks, Tim Allen, Joan Cusack, Don Rickles, Wallace Shawn, John Ratzenberger, Estelle Harris",Lee Unkrich,"Animation, Family, Comedy",Toy Story 3,2022,7.268,1640995200
1,920810,"Ben Stiller, Chris Rock, David Schwimmer, Jada Pinkett Smith, Frances McDormand, Sacha Baron Cohen, Andy Richter","Conrad Vernon, Eric Darnell, Tom McGrath","Animation, Family, Comedy, Adventure",Madagascar 3: Europe's Most Wanted,2017,7.623,1483228800
3,920808,"Ben Stiller, Chris Rock, David Schwimmer, Jada Pinkett Smith, Sacha Baron Cohen, Cedric the Entertainer, Andy Richter","Eric Darnell, Tom McGrath","Family, Animation, Adventure, Comedy",Madagascar,2011,6.057,1293840000
4,920807,"Chiwetel Ejiofor, John Oliver, James Earl Jones, John Kani, Alfre Woodard, JD McCrary, Shahadi Wright Joseph",Jon Favreau,"Adventure, Drama, Family",The Lion King,2023,6.522,1672531200
5,920806,"Ben Stiller, Chris Rock, David Schwimmer, Jada Pinkett Smith, Sacha Baron Cohen, Cedric the Entertainer, Andy Richter","Eric Darnell, Tom McGrath","Family, Adventure, Animation, Comedy",Madagascar: Escape 2 Africa,2017,6.852,1483228800
6,920805,"Craig T. Nelson, Holly Hunter, Sarah Vowell, Spencer Fox, Jason Lee, Samuel L. Jackson, Elizabeth Peña",Brad Bird,"Action, Adventure, Animation, Family",The Incredibles,2006,6.918,1136073600
7,920804,"Tom McGrath, Chris Miller, Christopher Knights, Conrad Vernon, John Malkovich, Benedict Cumberbatch, Ken Jeong","Eric Darnell, Simon J. Smith","Family, Animation, Adventure, Comedy",Penguins of Madagascar,2014,7.676,1388534400
8,920803,"Matthew Broderick, James Earl Jones, Jeremy Irons, Rowan Atkinson, Moira Kelly, Whoopi Goldberg, Cheech Marin","Roger Allers, Rob Minkoff","Family, Animation, Drama",The Lion King,2017,7.599,1483228800
9,920802,"Tom Hanks, Tim Allen, Joan Cusack, Kelsey Grammer, Don Rickles, Jim Varney, Wallace Shawn",John Lasseter,"Animation, Comedy, Family",Toy Story 2,2011,6.99,1293840000
10,920801,"Shaylin Becton, Tucker Chandler, Jasmine Gatewood, Luke Lowe, Amir O'Neil, Eric Petersen, Mark Whitten",Chad Van De Keere,"Animation, Comedy",Madagascar: A Little Wild Holiday Goose Chase,2011,6.767,1293840000
11,920800,"Jason Bateman, Ginnifer Goodwin, Idris Elba, Jenny Slate, Nate Torrence, Bonnie Hunt, Don Lake","Byron Howard, Rich Moore","Animation, Adventure, Family, Comedy",Zootopia,2013,6.547,1356998400
12,920799,"Tom Hanks, Tim Allen, Don Rickles, Jim Varney, Wallace Shawn, John Ratzenberger, Annie Potts",John Lasseter,"Animation, Adventure, Family, Comedy",Toy Story,2022,6.591,1640995200
13,920702,"Mamoru Miyano, Takahiro Sakurai, Kana Hanazawa, Tomokazu Sugita, Yuki Kaji, Reina Ueda, Ari Ozawa","Kobun Shizuno, Hiroyuki Seshita","Animation, Science Fiction, Action, Adventure",Godzilla: The Planet Eater,2016,7.44,1451606400
14,918389,"Ben Barnes, Skandar Keynes, Georgie Henley, Will Poulter, Anna Popplewell, William Moseley, Simon Pegg",Michael Apted,"Adventure, Family, Fantasy",The Chronicles of Narnia: The Voyage of the Dawn Treader,2013,6.9,1356998400
15,918388,"Georgie Henley, Skandar Keynes, William Moseley, Anna Popplewell, Ben Barnes, Sergio Castellitto, Peter Dinklage",Andrew Adamson,"Adventure, Family, Fantasy",The Chronicles of Narnia: Prince Caspian,2022,7.282,1640995200
16,918387,"Dominic Mariche, Phoebe Rex, Calem MacDonald, Asher Grayson, Ben Tector, Emma Vickers, Isaiah Fortune",Jason Eisener,"Science Fiction, Horror, Adventure, Action",Kids vs. Aliens,2008,7.6,1199145600
17,918386,"Bruno Bichir, Mauricio Castillo, Marcelo Barcelo, Miguel Rodarte, Arath de la Torre, Angélica Vale, Maite Perroni","Rodolfo Riva Palacio Alatriste, Gabriel Riva Palacio Alatriste","Animation, Adventure, Comedy, Family",A Frozen Rooster,2010,6.8,1262304000
18,918385,"Georgie Henley, Skandar Keynes, William Moseley, Anna Popplewell, Tilda Swinton, James McAvoy, Jim Broadbent",Andrew Adamson,"Adventure, Family, Fantasy","The Chronicles of Narnia: The Lion, the Witch and the Wardrobe",1990,4.531,631152000
19,918384,"Felix Kammerer, Albrecht Schuch, Aaron Hilmer, Moritz Klaus, Adrian Grünewald, Edin Hasanović, Daniel Brühl",Edward Berger,"Action, Drama, War, History",All Quiet on the Western Front,2021,7.183,1609459200
20,918383,"Craig David Dowsett, Chris Cordell, Amber Doig-Thorne, Natasha Tosini, Maria Taylor, Nikolai Leon, May Kelly",Rhys Frake-Waterfield,"Horror, Thriller",Winnie-the-Pooh: Blood and Honey,2001,7.721,978307200
21,918382,"Daniel Craig, Edward Norton, Janelle Monáe, Kathryn Hahn, Leslie Odom Jr., Kate Hudson, Dave Bautista",Rian Johnson,"Comedy, Crime, Mystery",Glass Onion: A Knives Out Mystery,2010,8.4,1262304000
22,918381,"Patrick Wilson, Vera Farmiga, Madison Wolfe, Frances O'Connor, Simon McBurney, Lauren Esposito, Benjamin Haigh",James Wan,"Horror, Thriller",The Conjuring 2,2023,7.283,1672531200
23,918380,"Dave Bautista, Jonathan Groff, Ben Aldridge, Kristen Cui, Nikki Amuka-Bird, Rupert Grint, Abby Quinn",M. Night Shyamalan,"Horror, Mystery, Thriller",Knock at the Cabin,2007,6.284,1167609600
24,918379,"Patrick Wilson, Vera Farmiga, Lili Taylor, Ron Livingston, Mackenzie Foy, Joey King, Shannon Kook",James Wan,"Horror, Thriller",The Conjuring,2010,6.338,1262304000
25,918378,"Dwayne Johnson, Aldis Hodge, Noah Centineo, Sarah Shahi, Quintessa Swindell, Marwan Kenzari, Mo Amer",Jaume Collet-Serra,"Action, Fantasy, Science Fiction",Black Adam,2006,6.4,1136073600
26,918377,"Tobin Bell, Donnie Wahlberg, Shawnee Smith, Erik Knudsen, Franky G, Glenn Plummer, Emmanuelle Vaugier",Darren Lynn Bousman,Horror,Saw II,2015,7.232,1420070400
27,918376,"Tobin Bell, Costas Mandylor, Mark Rolston, Betsy Russell, Shawnee Smith, Peter Outerbridge, Athena Karkanis",Kevin Greutert,"Horror, Mystery",Saw VI,2023,7.283,1672531200
28,918375,"Tobin Bell, Costas Mandylor, Scott Patterson, Betsy Russell, Julie Benz, Meagan Good, Mark Rolston",David Hackl,"Horror, Thriller, Crime",Saw V,2008,7.845,1199145600
29,918374,"Tobin Bell, Costas Mandylor, Scott Patterson, Betsy Russell, Lyriq Bent, Athena Karkanis, Louis Ferreira",Darren Lynn Bousman,"Horror, Thriller, Crime",Saw IV,2017,6.89,1483228800
30,918373,"Cary Elwes, Leigh Whannell, Danny Glover, Monica Potter, Ken Leung, Makenzie Vega, Michael Emerson",James Wan,"Horror, Mystery, Crime",Saw,2015,7.407,1420070400
31,918372,"Tobin Bell, Shawnee Smith, Angus Macfadyen, Bahar Soomekh, Donnie Wahlberg, Dina Meyer, Leigh Whannell",Darren Lynn Bousman,"Horror, Thriller, Crime",Saw III,2023,6.5,1672531200
32,918371,"Tobin Bell, Synnøve Macody Lund, Steven Brand, Michael Beach, Renata Vaca, Paulette Hernández, Joshua Okamoto",Kevin Greutert,"Horror, Thriller",Saw X,2013,7.708,1356998400
33,918370,"Daniel Radcliffe, Rupert Grint, Emma Watson, Kenneth Branagh, John Cleese, Robbie Coltrane, Warwick Davis",Chris Columbus,"Adventure, Fantasy",Harry Potter and the Chamber of Secrets,2014,8.399,1388534400
34,918369,"Daniel Radcliffe, Rupert Grint, Emma Watson, Robbie Coltrane, Ralph Fiennes, Michael Gambon, Brendan Gleeson",Mike Newell,"Adventure, Fantasy, Family",Harry Potter and the Goblet of Fire,1994,8.702,757382400
35,918368,"Daniel Radcliffe, Rupert Grint, Emma Watson, Robbie Coltrane, Michael Gambon, Richard Griffiths, Gary Oldman",Alfonso Cuarón,"Adventure, Fantasy",Harry Potter and the Prisoner of Azkaban,2022,7.573,1640995200
36,918367,"Daniel Radcliffe, Rupert Grint, Emma Watson, Helena Bonham Carter, Robbie Coltrane, Ralph Fiennes, Michael Gambon",David Yates,"Adventure, Fantasy, Mystery",Harry Potter and the Order of the Phoenix,2001,6.942,978307200
37,918366,"Daniel Radcliffe, Rupert Grint, Emma Watson, Richard Harris, Tom Felton, Alan Rickman, Robbie Coltrane",Chris Columbus,"Adventure, Fantasy",Harry Potter and the Philosopher's Stone,2004,7.231,1072915200
38,918365,"Martin Freeman, Richard Armitage, Ian McKellen, Graham McTavish, Aidan Turner, Ken Stott, Dean O'Gorman",Peter Jackson,"Adventure, Fantasy, Action",The Hobbit: An Unexpected Journey,2012,7.334,1325376000
39,918364,"Adam Sandler, Kate Beckinsale, Christopher Walken, David Hasselhoff, Henry Winkler, Julie Kavner, Nick Swardson",Frank Coraci,"Comedy, Drama, Fantasy",Click,2002,7.965,1009843200
40,918363,"Daniel Radcliffe, Rupert Grint, Emma Watson, Ralph Fiennes, Alan Rickman, Helena Bonham Carter, Maggie Smith",David Yates,"Fantasy, Adventure",Harry Potter and the Deathly Hallows: Part 2,2015,5.662,1420070400
41,918362,"Martin Freeman, Richard Armitage, Ian McKellen, Benedict Cumberbatch, Orlando Bloom, Evangeline Lilly, Lee Pace",Peter Jackson,"Fantasy, Adventure, Action",The Hobbit: The Desolation of Smaug,2023,6.5,1672531200
42,918361,"Elijah Wood, Sean Astin, Ian McKellen, Billy Boyd, Viggo Mortensen, Andy Serkis, Dominic Monaghan",Peter Jackson,"Adventure, Fantasy, Action",The Lord of the Rings: The Return of the King,2009,7.569,1230768000
43,918360,"Daniel Radcliffe, Rupert Grint, Emma Watson, Helena Bonham Carter, Jim Broadbent, Robbie Coltrane, Michael Gambon",David Yates,"Adventure, Fantasy",Harry Potter and the Half-Blood Prince,2022,7.721,1640995200
44,918359,"Ian McKellen, Martin Freeman, Richard Armitage, Orlando Bloom, Evangeline Lilly, Luke Evans, Lee Pace",Peter Jackson,"Action, Adventure, Fantasy",The Hobbit: The Battle of the Five Armies,2022,8.298,1640995200
45,918358,"Daniel Radcliffe, Rupert Grint, Emma Watson, Helena Bonham Carter, Robbie Coltrane, Ralph Fiennes, Michael Gambon",David Yates,"Adventure, Fantasy",Harry Potter and the Deathly Hallows: Part 1,2023,6.87,1672531200
46,918357,"Elijah Wood, Ian McKellen, Viggo Mortensen, Sean Astin, Sean Bean, Billy Boyd, Dominic Monaghan",Peter Jackson,"Adventure, Fantasy, Action",The Lord of the Rings: The Fellowship of the Ring,2001,8.395,978307200
47,918356,"Viggo Mortensen, Elijah Wood, Sean Astin, Andy Serkis, Bernard Hill, Orlando Bloom, John Rhys-Davies",Peter Jackson,"Adventure, Fantasy, Action",The Lord of the Rings: The Two Towers,2002,8.377,1009843200
48,918355,"Chris Pratt, Zoe Saldaña, Dave Bautista, Karen Gillan, Pom Klementieff, Bradley Cooper, Vin Diesel",James Gunn,"Science Fiction, Action, Adventure",Guardians of the Galaxy Volume 3,2023,10.0,1672531200
49,918354,"Chris Pratt, Zoe Saldaña, Dave Bautista, Vin Diesel, Bradley Cooper, Lee Pace, Michael Rooker",James Gunn,"Action, Science Fiction, Adventure",Guardians of the Galaxy,2014,7.903,1388534400
0,918353,"Chris Pratt, Dave Bautista, Karen Gillan, Pom Klementieff, Vin Diesel, Bradley Cooper, Sean Gunn",James Gunn,"Comedy, Science Fiction, Adventure",The Guardians of the Galaxy Holiday Special,2022,7.268,1640995200
1,918352,"Chris Pratt, Zoe Saldaña, Dave Bautista, Vin Diesel, Bradley Cooper, Kurt Russell, Michael Rooker",James Gunn,"Adventure, Action, Science Fiction",Guardians of the Galaxy Vol. 2,2017,7.623,1483228800
2,918351,"Paul Rudd, Michael Douglas, Evangeline Lilly, Bobby Cannavale, Corey Stoll, Anthony Mackie, Judy Greer",Peyton Reed,"Science Fiction, Action, Adventure",Ant-Man,2023,6.522,1672531200
3,918350,"Larry the Cable Guy, Owen Wilson, Michael Caine, Emily Mortimer, John Turturro, Eddie Izzard, Thomas Kretschmann",John Lasseter,"Animation, Family, Adventure, Comedy",Cars 2,2011,6.057,1293840000
4,918349,"Paul Rudd, Evangeline Lilly, Jonathan Majors, Kathryn Newton, Michelle Pfeiffer, Michael Douglas, Corey Stoll",Peyton Reed,"Adventure, Science Fiction, Comedy",Ant-Man and the Wasp: Quantumania,2023,6.522,1672531200
5,918348,"Owen Wilson, Cristela Alonzo, Chris Cooper, Nathan Fillion, Armie Hammer, Larry the Cable Guy, Bonnie Hunt",Brian Fee,"Animation, Adventure, Comedy, Family",Cars 3,2017,6.852,1483228800
6,918347,"Owen Wilson, Larry the Cable Guy, Bonnie Hunt, Paul Newman, Tony Shalhoub, Cheech Marin, Michael Wallis",John Lasseter,"Animation, Adventure, Comedy, Family",Cars,2006,6.918,1136073600
7,918346,"Chris Evans, Scarlett Johansson, Sebastian Stan, Anthony Mackie, Cobie Smulders, Frank Grillo, Emily VanCamp","Anthony Russo, Joe Russo","Action, Adventure, Science Fiction",Captain America: The Winter Soldier,2014,7.676,1388534400
8,918345,"Chris Hemsworth, Tom Hiddleston, Cate Blanchett, Tessa Thompson, Jeff Goldblum, Idris Elba, Karl Urban",Taika Waititi,"Action, Adventure, Fantasy, Science Fiction, Comedy",Thor: Ragnarok,2017,7.599,1483228800
9,918344,"Chris Evans, Tommy Lee Jones, Hugo Weaving, Hayley Atwell, Sebastian Stan, Dominic Cooper, Toby Jones",Joe Johnston,"Action, Adventure, Science Fiction",Captain America: The First Avenger,2011,6.99,1293840000
10,918343,"Chris Hemsworth, Natalie Portman, Tom Hiddleston, Anthony Hopkins, Stellan Skarsgård, Kat Dennings, Clark Gregg",Kenneth Branagh,"Adventure, Fantasy, Action",Thor,2011,6.767,1293840000
11,918342,"Chris Hemsworth, Natalie Portman, Tom Hiddleston, Anthony Hopkins, Christopher Eccleston, Jaimie Alexander, Zachary Levi",Alan Taylor,"Action, Adventure, Fantasy",Thor: The Dark World,2013,6.547,1356998400
12,918341,"Chris Hemsworth, Natalie Portman, Christian Bale, Tessa Thompson, Taika Waititi, Jaimie Alexander, Russell Crowe",Taika Waititi,"Fantasy, Action, Comedy",Thor: Love and Thunder,2022,6.591,1640995200
13,918340,"Chris Evans, Robert Downey Jr., Scarlett Johansson, Sebastian Stan, Anthony Mackie, Don Cheadle, Jeremy Renner","Anthony Russo, Joe Russo","Adventure, Action, Science Fiction",Captain America: Civil War,2016,7.44,1451606400
14,918339,"Robert Downey Jr., Gwyneth Paltrow, Don Cheadle, Guy Pearce, Rebecca Hall, Jon Favreau, Ben Kingsley",Shane Black,"Action, Adventure, Science Fiction",Iron Man 3,2013,6.9,1356998400
15,918338,"Letitia Wright, Lupita Nyong'o, Danai Gurira, Winston Duke, Dominique Thorne, Tenoch Huerta Mejía, Angela Bassett",Ryan Coogler,"Action, Adventure, Science Fiction",Black Panther: Wakanda Forever,2022,7.282,1640995200
16,918337,"Robert Downey Jr., Terrence Howard, Jeff Bridges, Gwyneth Paltrow, Leslie Bibb, Bill Smitrovich, Paul Bettany",Jon Favreau,"Action, Science Fiction, Adventure",Iron Man,2008,7.6,1199145600
17,918336,"Robert Downey Jr., Gwyneth Paltrow, Don Cheadle, Scarlett Johansson, Sam Rockwell, Mickey Rourke, Samuel L. Jackson",Jon Favreau,"Adventure, Action, Science Fiction",Iron Man 2,2010,6.8,1262304000
18,918335,"Matt Salinger, Ronny Cox, Scott Paulin, Ned Beatty, Darren McGavin, Michael Nouri, Kim Gillingham",Albert Pyun,"Action, Adventure, Science Fiction, War",Captain America,1990,4.531,631152000
19,918334,"Vin Diesel, Michelle Rodriguez, Tyrese Gibson, Ludacris, John Cena, Nathalie Emmanuel, Jordana Brewster",Justin Lin,"Action, Adventure, Crime, Thriller",F9,2021,7.183,1609459200
20,918333,"Mike Myers, Eddie Murphy, Cameron Diaz, John Lithgow, Vincent Cassel, Peter Dennis, Clive Pearse","Andrew Adamson, Vicky Jenson","Animation, Comedy, Fantasy, Adventure, Family",Shrek,2001,7.721,978307200
21,918332,"Leonardo DiCaprio, Joseph Gordon-Levitt, Ken Watanabe, Tom Hardy, Elliot Page, Dileep Rao, Cillian Murphy",Christopher Nolan,"Action, Science Fiction, Adventure",Inception,2010,8.4,1262304000
22,918331,"Michael B. Jordan, Sylvester Stallone, Tessa Thompson, Wood Harris, Russell Hornsby, Phylicia Rashād, Dolph Lundgren",Steven Caple Jr.,"Drama, Action",Creed II,2023,7.283,1672531200
23,918330,"Mike Myers, Eddie Murphy, Cameron Diaz, Antonio Banderas, Julie Andrews, John Cleese, Rupert Everett",Chris Miller,"Fantasy, Adventure, Animation, Comedy, Family",Shrek the Third,2007,6.284,1167609600
24,918329,"Mike Myers, Eddie Murphy, Cameron Diaz, Antonio Banderas, Walt Dohrn, Julie Andrews, John Cleese",Mike Mitchell,"Comedy, Adventure, Fantasy, Animation, Family",Shrek Forever After,2010,6.338,1262304000
25,918328,"Lucas Black, Nathalie Kelley, Sung Kang, Shad Moss, Brian Tee, Leonardo Nam, Brian Goodman",Justin Lin,"Action, Crime, Drama, Thriller",The Fast and the Furious: Tokyo Drift,2006,6.4,1136073600
26,918327,"Vin Diesel, Paul Walker, Dwayne Johnson, Michelle Rodriguez, Tyrese Gibson, Ludacris, Jordana Brewster",James Wan,"Action, Thriller, Crime",Furious 7,2015,7.232,1420070400
27,918326,"Michael B. Jordan, Tessa Thompson, Jonathan Majors, Phylicia Rashād, Wood Harris, Florian Munteanu, Tony Bellew",Michael B. Jordan,"Drama, Action",Creed III,2023,7.283,1672531200
28,918325,"Asa Butterfield, Jack Scanlon, Vera Farmiga, David Thewlis, Rupert Friend, David Hayman, Sheila Hancock",Mark Herman,"War, Drama, History",The Boy in the Striped Pyjamas,2008,7.845,1199145600
29,918324,"Vin Diesel, Jason Statham, Dwayne Johnson, Michelle Rodriguez, Tyrese Gibson, Ludacris, Charlize Theron",F. Gary Gray,"Action, Crime, Thriller",The Fate of the Furious,2017,6.89,1483228800
30,918323,"Michael B. Jordan, Sylvester Stallone, Tessa Thompson, Phylicia Rashād, Andre Ward, Tony Bellew, Ritchie Coster",Ryan Coogler,"Drama, Action",Creed,2015,7.407,1420070400
31,918322,"Dwayne Johnson, Jason Statham, Idris Elba, Vanessa Kirby, Helen Mirren, Eiza González, Eddie Marsan",David Leitch,"Action, Adventure, Comedy",Fast & Furious Presents: Hobbs & Shaw,2023,6.5,1672531200
32,918321,"Chris Hemsworth, Daniel Brühl, Olivia Wilde, Alexandra Maria Lara, Pierfrancesco Favino, David Calder, Natalie Dormer",Ron Howard,"Drama, Action",Rush,2013,7.708,1356998400
33,918320,"Matthew McConaughey, Anne Hathaway, Jessica Chastain, Mackenzie Foy, Michael Caine, Bill Irwin, Casey Affleck",Christopher Nolan,"Adventure, Drama, Science Fiction",Interstellar,2014,8.399,1388534400
34,918319,"Tim Robbins, Morgan Freeman, Bob Gunton, William Sadler, Clancy Brown, Gil Bellows, Mark Rolston",Frank Darabont,"Drama, Crime",The Shawshank Redemption,1994,8.702,757382400
35,918318,"Pavlo Aldoshyn, Maryna Koshkina, Andrii Mostrenko, Roman Semysal, Roman Yasinovskyi, Oleh Shulha, Yehor Kozlov",Marian Bushan,"War, Action, Drama",Sniper: The White Raven,2022,7.573,1640995200
36,918317,"Paul Walker, Vin Diesel, Michelle Rodriguez, Jordana Brewster, Rick Yune, Chad Lindberg, Johnny Strong",Rob Cohen,"Action, Crime, Thriller",The Fast and the Furious,2001,6.942,978307200
37,918316,"Mike Myers, Eddie Murphy, Cameron Diaz, Julie Andrews, Antonio Banderas, John Cleese, Rupert Everett","Andrew Adamson, Kelly Asbury, Conrad Vernon","Animation, Family, Comedy, Fantasy, Adventure, Romance",Shrek 2,2004,7.231,1072915200
39,918314,"Leonardo DiCaprio, Tom Hanks, Christopher Walken, Martin Sheen, Nathalie Baye, Amy Adams, James Brolin",Steven Spielberg,"Drama, Crime",Catch Me If You Can,2002,7.965,1009843200
40,918313,"Pierce Brosnan, Milla Jovovich, Dylan McDermott, Angela Bassett, Robert Forster, James D'Arcy, Roger Rees",James McTeigue,"Crime, Action, Thriller",Survivor,2015,5.662,1420070400
41,918312,"Vin Diesel, Paul Walker, Michelle Rodriguez, Jordana Brewster, John Ortiz, Laz Alonso, Sung Kang",Justin Lin,"Action, Crime, Drama, Thriller",Fast & Furious,2023,6.5,1672531200
42,918311,"Sam Worthington, Zoe Saldaña, Sigourney Weaver, Stephen Lang, Michelle Rodriguez, Giovanni Ribisi, Joel David Moore",James Cameron,"Action, Adventure, Fantasy, Science Fiction",Avatar,2009,7.569,1230768000
43,918310,"Sam Worthington, Zoe Saldaña, Sigourney Weaver, Britain Dalton, Stephen Lang, Jack Champion, Cliff Curtis",James Cameron,"Science Fiction, Adventure, Action",Avatar: The Way of Water,2022,7.721,1640995200
44,918307,"Antonio Banderas, Salma Hayek, Harvey Guillén, Wagner Moura, Florence Pugh, Olivia Colman, Ray Winstone",Joel Crawford,"Animation, Adventure, Comedy",Puss in Boots: The Last Wish,2022,8.298,1640995200
45,918304,"Gerard Butler, Mike Colter, Yoson An, Tony Goldwyn, Daniella Pineda, Paul Ben-Victor, Remi Adeleke",Jean-François Richet,"Action, Adventure, Thriller",Plane,2023,6.87,1672531200
